tlm_bardak	TLM-206632714	Adventure Big Grip Bira Bardağı | 0.70L Siyah
tlm_bardak	TLM-268558689	Adventure Big Grip Bira Bardağı | 0.70L Yeşil
tlm_biberon	TLM-765173875	Doğal Tepkili Cam Biberon, 240ml, 3-6  Ay, SCY933/01
tlm_biberon	TLM-765189725	Doğal Tepkili PP Biberon, 330ml, 6+ Ay, SCY906/01
tlm_biberon	TLM-770347353	Doğal Tepkili PP Mavi Biberon, 260ml, 3-6 Ay, SCY903/21
tlm_biberon	TLM-770972070	Doğal Tepkili PP Pembe Biberon, 260ml, 3-6 Ay, SCY903/11
tlm_biberon	TLM-782272209	Doğal Tepkili 2'li Biberon Emziği, 6 Numara, SCY966/02
tlm_biberon	TLM-801694884	Doğal Tepkili 2'li Biberon Emziği, 1 Numara, SCY961/02
tlm_biberon	TLM-807581765	Anti-kolik Biberon 125 ml, 0+ Ay, SCY670/01
tlm_dripper	TLM-205077263	Classic Perfect-Brew Pour Over Kahve Demleyici Yeşil
tlm_dripper	TLM-376448733	Classic Perfect-Brew Pour Over Kahve Demleyici Siyah
tlm_kadeh	TLM-1096082390	Lifted Spirits 2'Si 1 Arada Kokteyl Bardağı 0.42 Lt Gunmetal Shine
tlm_kadeh	TLM-1115492136	THE LIFTED SPIRITS 2'SI 1 ARADA KOKTEYL BARDAĞI 0,42 L 10-11359-028
tlm_kamp_matarasi	TLM-6930564	Classic Easy Fill Wide Mouth Flask Cep Matarası 0,23L
tlm_kamp_matarasi	TLM-6930565	Classic Easy Fill Wide Mouth Flask Cep Matarası 0.23 LT Termos Matara SİYAH
tlm_kamp_matarasi	TLM-7086415	Adventure Pre-Party Shot Bardak + Matara Seti Yeşil
tlm_kamp_yemek_seti	TLM-1109405550	The Legendary Food Jar + Spork 0.4L / 14oz 10-09382-115
tlm_kamp_yemek_seti	TLM-148773283	Adventure Paslanmaz Çelik İki Kişilik Pişirme Seti Çelik
tlm_kamp_yemek_seti	TLM-32064553	Adventure Çelik Kızartma Tava Seti (9 Parça) 0.94 Lt Çelik
tlm_kamp_yemek_seti	TLM-51438523	Adventure Kamp Pişirme Seti (21 Parça Set) Çelik
tlm_mug	TLM-1048699076	Aerolight™ Seyahat Kupası | 0,47 L Mor Çiçek
tlm_mug	TLM-1048791552	Aerolight™ Seyahat Kupası | 0,35 L Altın Mercan Rengi
tlm_mug	TLM-1051140726	The AeroLight™ Transit Mug 0.47L Termos Kupa Bardak Matara TURUNCU
tlm_mug	TLM-1066882337	Aerolight™ Seyahat Kupası | 0,47 L Yeşil
tlm_mug	TLM-1130617645	The Everyday Camp Mug 0.35L Klasik Termos 10-13094-0081 Siyah
tlm_mug	TLM-1130617652	The Everyday Camp Mug 0.23L Klasik Termos 10-13103-0054 Pembe
tlm_mug	TLM-1130617657	The Everyday Camp Mug 0.35L / Chili
tlm_mug	TLM-1130617676	The Transit Fliptop Mug 0.35 L Termos Kupa Bardak Matara GRİ
tlm_mug	TLM-1130617679	The Everyday Camp Mug 0.35L / Hammertone Rose
tlm_mug	TLM-1130617692	The Everyday Camp Mug 0.35L Klasik Termos / Hammertone Green
tlm_mug	TLM-1130617704	The Everyday Camp Mug 0.35L Klasik Termos 10-13094-0067 Beyaz
tlm_mug	TLM-1137620213	The IceFlow™ Flip Straw 2.0 Tumbler 0.89L / 30oz Cream 10-13424-0197 STD
tlm_mug	TLM-1142294092	The Transit Fliptop Mug 0.47 L Termos Kupa Bardak Matara PUDRA
tlm_mug	TLM-1142294096	The Transit Fliptop Mug 0.35 L Termos Kupa Bardak Matara BEJ
tlm_mug	TLM-1153443135	The Transit Fliptop Termos 0.35L / Rose Quartz
tlm_mug	TLM-1180367491	The Transit Fliptop Mug 0.59L / 20oz Spring Green
tlm_mug	TLM-205099856	Termos Bardak Legendary Camp Mug 0,35ml
tlm_mug	TLM-239740812	12Oz Classic Vac Legendary Camp Mug | 0.35L Eu Yeşil 10-09366-005
tlm_mug	TLM-474709068	Classic Legendary Camp Mug | 0.35L Koyu Mavi
tlm_mug	TLM-51438517	Adventure Series Easy Carrylunch Soğutucu | 6.6L Beyaz
tlm_mug	TLM-817261120	Classic The Legendary Camp Mug | 0.35L / 12oz Pembe 10-09366-271
tlm_mug	TLM-869978640	Classic Legendary Camp Termos Bardak 0,23 L Parlak Krem
tlm_mug	TLM-886546995	Classic Legendary Camp Mug 0.23L Termos Kupa Kamp Bardak Matara PEMBE
tlm_mug	TLM-894455250	Klasik Efsanevi Kamp Kupası | 0.35L Kil Rengi
tlm_mug	TLM-898839619	The Aerolight Transit Mug Termos .35L 10-10788-095
tlm_mug	TLM-924129692	The AeroLight™ Transit Mug 0.47L Termos Kupa Bardak Matara BEJ
tlm_mug	TLM-924129696	Klasik Efsanevi Kamp Kupası | 0.23L Eflatun
tlm_mug	TLM-924129698	The AeroLight™ Transit Mug 0.47L Termos Kupa Bardak Matara PUDRA
tlm_mug	TLM-924129704	The Aerolight Transit Termos 0,35 L Parlak Krem
tlm_mug	TLM-924129710	The Legendary Camp Mug. Termos Bardak 35L 10-09366-314
tlm_mug	TLM-924129713	The AeroLight™ Transit Mug .47L / 16oz
tlm_mug	TLM-924129727	The AeroLight™ Transit Mug 0.47L Termos Kupa Bardak Matara GRİ
tlm_mug	TLM-924129740	The Everyday Classic Legendary Camp Mug .35L / 12oz Krem 10-09366-313
tlm_mug	TLM-924130054	The AeroLight™ Transit Mug 0.59 L Termos Kupa Bardak Matara BEJ
tlm_mug	TLM-924130070	The AeroLight Transit Mug 0.60L / 20oz Pembe 10-10789-157
tlm_mug	TLM-924130081	Iceflow™ Flip Straw Tumbler Pipetli Termos | 0.60 L Toz Pembe
tlm_mug	TLM-924130088	The IceFlow Flip Straw Pipetli Termos Bardak 0.59 LT Matara LACİVERT
tlm_mug	TLM-932757994	The AeroLight™ Transit Mug 0.35L Termos Kupa Bardak Matara GRİ
tlm_mug	TLM-937300092	The Aerolight Transit Mug 0.60L / 20Oz Unisex Gri Outdoor Matara 10-10789-155
tlm_mug	TLM-937847001	The Aerolight Transit Termos 0,35 L Kiraz Çiçeği
tlm_mug	TLM-964131238	12oz Classic Vac Camp Mug Ash 0.35L 2.0 Gri 10-09366-336
tlm_shaker	TLM-1075011383	Activate Shaker | 0.59L - Siyah 2.0
tlm_sogutucu_buzluk	TLM-1060985105	The Easy-Carry Outdoor Wheeled Cooler 47L / 50QT Dried Pine Tekerlekli Soğutucu
tlm_sogutucu_buzluk	TLM-1149757533	The Easy-Carry Outdoor Cooler 15.1L / 16QT 10-01623-236 Black
tlm_sogutucu_buzluk	TLM-1173037288	The Easy-Carry Outdoor Cooler 15.1L - 16QT
tlm_sogutucu_buzluk	TLM-223604556	The Cold-For-Days Outdoor Cooler 28.3L - 30QT 10-01936-039
tlm_spor_matara	TLM-1082602793	The Vitalize™ Activate Shaker 0,60 LT / 20Oz Beyaz 10-13007-023
tlm_termal_canta	TLM-1146607076	Termal Çanta Dolap Adventure Easy Carry Outdoor Soğutucu 15.1L / Peach Rose
tlm_termal_canta	TLM-70810903	Classic Yemek Çantası | 9.5L Yeşil
tlm_termal_canta	TLM-924130683	The All-Day Julienne Mini Cooler Termos Çanta 7L 10-13089-011
tlm_termal_canta	TLM-924130685	Termal Çanta Dolap Adventure Easy Carry Outdoor Soğutucu 15.1L Matara PUDRA
tlm_termal_canta	TLM-924130686	The All-Day Madeleine Midi Cooler Backpack 14L / 14.8QT Rose Quartz Soğutucu Çanta
tlm_termal_canta	TLM-924130689	The All-Day Madeleine Midi Cooler Sırt Çantası 14L 10-13091-011
tlm_termal_canta	TLM-924130695	The All-Day Julienne Mini Cooler 7L Pembe Soğutucu Çanta
tlm_termos	TLM-1027669243	Classic Legendary Kaşıklı Yemek Termosu | 0.4L / 14Oz 2.0 Gri 10-09382-111
tlm_termos	TLM-1039743460	The IceFlow™ Bottle Flip Straw 2.0 0.47L / 16oz 10-12110-117
tlm_termos	TLM-1039743465	The IceFlow™ Flip Straw 2.0 Pipetli Termos Bardak 0,47 LT / 16Oz Beyaz 10-12110-118
tlm_termos	TLM-1041708580	The IceFlow Bottle Twist Flip Termos 0.70 LT Azure
tlm_termos	TLM-1043021742	Legendary Klasik Vakumlu Çelik Termos 1,4Lt New Siyah
tlm_termos	TLM-1043021747	Classic Legendary Kaşıklı Yemek Termosu 0.4L Termos Kamp Matara TURUNCU
tlm_termos	TLM-1043189904	The Lifted Spirits 2 Si 1 Arada Kokteyl Bardağı 0,42 Lt Krem
tlm_termos	TLM-1047023919	The Quencher Mavi Termos (10-13002-017)
tlm_termos	TLM-1047023920	Legendary Klasik Vakumlu Çelik Termos 1,4Lt New Turuncu
tlm_termos	TLM-1049516622	The IceFlow Twist Flip Termos 0.47 LT Termos Kupa Kamp Matara TURUNCU
tlm_termos	TLM-1049516717	The IceFlow Twist Flip Termos 0.47 LT Termos Kupa Kamp Matara FUŞYA
tlm_termos	TLM-1050850263	The IceFlow Twist Flip Termos 0.47 LT Termos Kupa Kamp Matara LACİVERT
tlm_termos	TLM-1050850383	The IceFlow™ Bottle Twist Flip Termos 0.47 LT / 16Oz Beyaz 10-12106-080
tlm_termos	TLM-1052196594	The Quencher ProTour Flip Straw Pipetli Termos 0,60 LT Pipetli Matara SİYAH
tlm_termos	TLM-1055224803	The Quencher ProTour Flip Straw Tumbler Pipetli Termos 1,18 LT Pipetli Matara TURUNCU
tlm_termos	TLM-1056152845	The IceFlow Flip Straw Pipetli Termos Bardak 2.0 0,70 LT / 24oz Turuncu 10-11283-395
tlm_termos	TLM-1056613630	The Everyday Tumbler .47L / 16oz 10-13040-012
tlm_termos	TLM-1056613810	The Everyday Tumbler .47L / 16oz 10-13040-015
tlm_termos	TLM-1057414931	The Legendary Classic Bottle 0.94L / 1.0QT 10-11346-096
tlm_termos	TLM-1061027583	The Quencher ProTour Flip Straw Tumbler Pipetli Termos 1,18 LT / 40oz Siyah 10-12486-095
tlm_termos	TLM-1061027585	Quencher® H2.0 Fluted Tumbler Pipetli Termos Bardak | 0,60 L Çelik
tlm_termos	TLM-1062278698	The Quencher ProTour Flip Straw Tumbler Pipetli Termos 1,18 LT / 40oz Beyaz 10-12486-096
tlm_termos	TLM-1065940299	Wellspring Bottle 0,70 LT / 24oz Beyaz 10-13111-030
tlm_termos	TLM-1065940300	Wellspring Bottle 0.7L / 24oz Yeşil 10-13111-033
tlm_termos	TLM-1065940303	Wellspring Bottle 0,70 Lt Kilitli Kapak Matara FUŞYA
tlm_termos	TLM-1065940306	Wellspring Bottle 0.7L / 24oz Siyah 10-13111-032
tlm_termos	TLM-1065940308	Wellspring Bottle 0,70 LT / 24oz Pembe 10-13111-031
tlm_termos	TLM-1065940317	Wellspring Bottle 0.7L / 24oz Sarı 10-13111-035
tlm_termos	TLM-1066324985	Classic Legendary Kaşıklı Yemek Termosu 0.4L Termos Kamp Matara BORDO
tlm_termos	TLM-1066881687	Wellspring Bottle 0,70 LT / 24oz Mavi 10-13111-036
tlm_termos	TLM-1066881693	Klasik Vakumlu Çelik Termos 0,94 Lt Matara BORDO
tlm_termos	TLM-1066881697	The IceFlow Flip Straw Pipetli Termos Bardak 0.89 LT Matara YEŞİL
tlm_termos	TLM-1066881703	Iceflow™ Flip Straw Tumbler Pipetli Termos | 0.60 L Yeşil
tlm_termos	TLM-1068077348	Klasik Efsanevi Kamp Kupası | 0.35L Altınbaşak Mercan
tlm_termos	TLM-1068077352	Aerolight™ Seyahat Kupası | 0,35 L Çiğ Damlası
tlm_termos	TLM-1068077367	The Easy-Fill Wide Mouth Flask 0.23L / 8oz 10-00837-360
tlm_termos	TLM-1068077375	The IceFlow™ Flip Straw 2.0 Pipetli Termos Bardak 0,47 LT / 16Oz Mavi 10-12110-120
tlm_termos	TLM-1072189526	Activate Shaker 0,60 LT Termos Sporcu Matarası Toz Depolama Kapasiteli Matara HAKİ
tlm_termos	TLM-1072189530	Iceflow Flip Straw Pipetli Termos Bardak 0,89 Lt Adaçayı Grisi
tlm_termos	TLM-1073265229	Quencher H2.O FlowState™ Tumbler Pipetli Termos 1.18L Pipetli Matara BORDO
tlm_termos	TLM-1073324830	Legendary Klasik Vakumlu Çelik Termos 1,4Lt New Yeşil
tlm_termos	TLM-1074133763	Classic The Legendary Food Jar+Spork Kaşıklı Yemek Termosu | 0.4L / 14oz Yeşil 10-09382-113
tlm_termos	TLM-1081094135	The Wellspring Bottle 0.7L / 24oz 10-13111-037
tlm_termos	TLM-1081130140	The Everyday Tumbler 0.47L / 16oz 10-13040-064
tlm_termos	TLM-1082602790	The Quencher ProTour Flip Straw Pipetli Termos 0,60 LT Pipetli Matara FUŞYA
tlm_termos	TLM-1082602794	Activate Shaker 0,60 LT Termos Sporcu Matarası Toz Depolama Kapasiteli Matara MAVİ
tlm_termos	TLM-1083375843	The Quencher H2.0 Flowatate™ Tumbler Pipetli Termos Bardak 0.60 Lt / 20Oz Mavi 10-10826-361
tlm_termos	TLM-1086596188	The IceFlow™ Flip Straw 2.0 Pipetli Termos Bardak 0,47 LT / 16Oz Pembe 10-12110-119
tlm_termos	TLM-1087714568	The Legendary Food Jar + Spork .4L / 14oz EFLATUN Yemek Termosu
tlm_termos	TLM-1087805161	The Café To-Go Travel Termos Bardak 0,35 LT / 12Oz Pembe 10-12080-012
tlm_termos	TLM-1087805164	The Café-To-Go Travel Mug .35L / 12oz 10-12080-041
tlm_termos	TLM-1087805171	The Café To-Go Travel Mug Termos Bardak 0,35 LT / 12Oz Lacivert 10-12080-042
tlm_termos	TLM-1088490741	The Quencher ProTour Flip Straw Termos 0,60 L
tlm_termos	TLM-1090158220	The Café-To-Go Travel Mug .35L / 12oz 10-12080-015
tlm_termos	TLM-1090163842	The Café-To-Go Travel Mug .35L / 12oz Cream Gloss 10-12080-038
tlm_termos	TLM-1091062171	The Quencher ProTour Flip Straw Termos 0,60 L
tlm_termos	TLM-1093113480	The Quencher ProTour Flip Straw Tumbler Pipetli Termos 1,18 LT Pipetli Matara MAVİ
tlm_termos	TLM-1093291774	Quencher H2.O Flowstate™ Tumbler Pipetli Termos Bardak 0.60 Lt Pembe 10-10826-362
tlm_termos	TLM-1107279417	The Quencher H2.O Flowstate Tumbler 1.18L Pipetli Termos10-12552-0269 Çok Renkli
tlm_termos	TLM-1107708416	The Quencher H2.O FlowState™ Tumbler 0.89 LT
tlm_termos	TLM-1116923458	The Quencher H2.O FlowState™ Tumbler 0,89 LT / Ponderosa Star
tlm_termos	TLM-1130617635	The Transit Fliptop Termos 0.47L / Blue Sky
tlm_termos	TLM-1130617637	Transit Fliptop Mug Termos 0.35 lt Mavi
tlm_termos	TLM-1130617638	The Transit Fliptop Mug 0.47L Klasik Termos 10-13062-0048 Yeşil
tlm_termos	TLM-1130617641	The Cafe To-Go Termos Bardak 0,47 lt Rose Quartz
tlm_termos	TLM-1130617642	The Transit Fliptop Mug 0.47L Klasik Termos 10-13062-011 Siyah
tlm_termos	TLM-1130617653	The Transit Fliptop Mug 0.35L/ 12Oz Haki 10-13063-0046
tlm_termos	TLM-1130617656	The Cafe To-Go Termos Bardak 0,47 lt Kırmızı
tlm_termos	TLM-1130617661	The Transit Fliptop Gri Termos (10-13061-012)
tlm_termos	TLM-1130617662	The Transit Fliptop Mug 0.47 L / 16Oz Gri 10-13062-012
tlm_termos	TLM-1130617667	The Transit Fliptop Pembe Termos (10-13061-014)
tlm_termos	TLM-1130617668	The Transit Fliptop Mug 0.47 L / 16Oz Yeşil 10-13062-020
tlm_termos	TLM-1130617672	Classic Easy Fill Wide Mouth Flask Cep Matarası 0.23L / Hammertone Black
tlm_termos	TLM-1130617673	The Transit Fliptop Siyah Termos (10-13061-011)
tlm_termos	TLM-1130617677	The Transit Mavi Termos (10-13061-0026)
tlm_termos	TLM-1130617684	Transit Fliptop Mug Termos 0.35 lt Yeşil
tlm_termos	TLM-1130617688	The Cafe To-Go Termos Bardak 0,47 lt Siyah
tlm_termos	TLM-1132060556	The Transit Fliptop Krem Termos (10-13062-013)
tlm_termos	TLM-1132180183	The IceFlow Krem Termos (10-13425-0119)
tlm_termos	TLM-1132698595	The Cafe To-Go Termos Bardak 0,47 lt Krem
tlm_termos	TLM-1133069389	The Transit Fliptop Mug 0.59L / 20Oz Bej 10-13061-013
tlm_termos	TLM-1133840330	The IceFlow Flip Straw 2.0 Pipetli Termos Bardak 0.47 LT / Blue Sky
tlm_termos	TLM-1133840336	The IceFlow Flip Straw 2.0 Pipetli Termos Bardak 0,47 LT / 16Oz Kırmızı 10-12110-0211
tlm_termos	TLM-1133840344	The IceFlow™ Flip Straw 2.0 Pipetli Termos Bardak 0,47 LT / 16Oz Beyaz 10-12110-0205
tlm_termos	TLM-1136066180	The IceFlow Flip Straw Pipetli Termos 0.47 LT-10-12110-0203
tlm_termos	TLM-1136454598	The Cafe To-Go Termos Bardak 0,35 LT-10-21325-0005
tlm_termos	TLM-1136493395	Legendary Klasik Vakumlu Çelik Termos 1,4Lt Parlak Gri
tlm_termos	TLM-1136493570	Legendary Klasik Vakumlu Çelik Termos 1,4Lt Parlak Pudra
tlm_termos	TLM-1142064510	IceFlow™ Flip Straw Tumbler Mavi Pipetli Termos | 0.60 L
tlm_termos	TLM-1142294086	Cafe-To-Go Seyahat Kupası .35L / 12oz Şeftali Gülü
tlm_termos	TLM-1142294090	Café-To-Go Seyahat Kupası .35L / 12oz Chili
tlm_termos	TLM-1142294106	Buz Akışı ™   Flip Straw 2.0 Bardak 0.6L / 20oz Mor Toz
tlm_termos	TLM-1143222662	The IceFlow Flip Straw 2.0 Pipetli Termos Bardak 0,47 LT / 16Oz Pembe 10-12110-0215
tlm_termos	TLM-1158037753	The IceFlow Flip Straw 2.0 Tumbler 0.89L Pipetli Termos 10-13424-0213 Yeşil
tlm_termos	TLM-1158782392	The IceFlow Sarı Termos (10-13424-0219)
tlm_termos	TLM-1164275154	Adventure Taşınabilir Soğutucu Çanta 23 LT
tlm_termos	TLM-1172587004	The IceFlow Flip Straw 2.0 Tumbler 0.89L Pipetli Termos 10-13424-0595 Mavi
tlm_termos	TLM-1172587069	The IceFlow Flip Straw 2.0 Tumbler 0.59L Pipetli Termos 10-13425-0409 Mavi
tlm_termos	TLM-1174879642	The Transit Fliptop Sarı Termos (10-13062-0054)
tlm_termos	TLM-1174913489	The Transit Fliptop Mug 0.35L Klasik Termos 10-13063-0054 Sarı
tlm_termos	TLM-1175012383	The Transit Fliptop Pembe Termos (10-13062-0050)
tlm_termos	TLM-1175013001	The Transit Fliptop Mug 0.35L Klasik Termos 10-13063-0050 Pembe
tlm_termos	TLM-1175013842	The Transit Fliptop Mug 0.59L Klasik Termos 10-13061-0076 Pembe
tlm_termos	TLM-1175014668	The Transit Fliptop Sarı Termos (10-13062-0058)
tlm_termos	TLM-1175016379	The Transit Fliptop Mug 0.35L Klasik Termos 10-13063-0048 Yeşil
tlm_termos	TLM-1175154584	The Easy-Carry Outdoor Cooler 23L Kamp Buzluğu 10-21363-0003 Siyah
tlm_termos	TLM-1175432802	The Easy-Fill Wide Mouth Flask 0.23L / 8oz Blaze Orange
tlm_termos	TLM-1178752560	THE VITALIZE SHAKER 0.59L Klasik Termos 10-13007-0119 Yeşil
tlm_termos	TLM-206636460	Paslanmaz Çelik Yemek Termosu Kaşıklı 0,40lt Siyah
tlm_termos	TLM-31298007	Adventure Çelik Yemek Termosu Kaşıklı 0,53 L
tlm_termos	TLM-474230897	Classic Legendary Termos | 1.0L Kamuflaj
tlm_termos	TLM-474709064	Adventure Stacking Bardak | 0.47L Koyu Mavi
tlm_termos	TLM-474710009	Classic Legendary Kaşıklı Yemek Termosu | 0.4L Koyu Mavi
tlm_termos	TLM-48772877	Classic Legendary Kaşıklı Yemek Termosu 0.4L Termos Kamp Matara YEŞİL
tlm_termos	TLM-6930547	The Legendary Classic Bottle Termos 1.9L - 2.0Qt 10-07934-004
tlm_termos	TLM-6930551	The Legendary Classic Bottle Termos 1.0L - 1.1QT 10-08266-002
tlm_termos	TLM-6930556	Classic Food Jar Yemek Termosu 0,70Lt Yeşil
tlm_termos	TLM-6930557	Classic Legendary Yemek Termosu | 0.70L Siyah
tlm_termos	TLM-6930563	Klasik Kolay Dökülebilen Termos Şişe | 1.9L Yeşil
tlm_termos	TLM-780345925	The Adventure To-Go Food Jar Yemek Termosu .35L - 12Oz 10-10837-014
tlm_termos	TLM-780345929	The Artisan Paslanmaz Çelik Termos 1Lt Yeşil
tlm_termos	TLM-817261151	Klasik Vakumlu Paslanmaz Çelik Termos 0.75 LT Rose Quartz
tlm_termos	TLM-817261296	Classic Legendary Kaşıklı Yemek Termosu | 0.4L
tlm_termos	TLM-828181526	The Artisan Paslanmaz Çelik Termos 1 Lt
tlm_termos	TLM-849685584	The All Day Slim Bottle 0.60 L Siyah Termos
tlm_termos	TLM-864962878	The IceFlow Flip Straw Pipetli Termos Bardak 0.89 LT Matara FÜME
tlm_termos	TLM-8830869	Klasik Efsanevi Yemek Kavanozu | 0,94 L Siyah
tlm_termos	TLM-923855447	The Quencher ProTour Flip Straw Tumbler Pipetli Termos 1,18 LT / 40oz Gri 10-12486-098
tlm_termos	TLM-924129725	Quencher H2.O FlowState™ Tumbler Pipetli Termos 0.8L Pipetli Matara MAVİ
tlm_termos	TLM-924129731	Flip Straw Tumbler Pipetli Termos Bardak 0,89 LT Frost
tlm_termos	TLM-924129732	The IceFlow Flip Straw Pipetli Termos Bardak 0.89 LT Matara MERCAN
tlm_termos	TLM-924129733	The Quencher H2.O FlowState 0.89L / 30oz Unisex Mavi Outdoor Matara Suluk 10-10827-949
tlm_termos	TLM-924129736	The Iceflow Flip Straw 2.0 Tumbler 0.89l 30oz Unisex Pembe Termos
tlm_termos	TLM-924129742	Flip Straw Tumbler Pipetli Termos Bardak 0,89 LT Black
tlm_termos	TLM-924129744	Flip Straw Tumbler Pipetli Termos Bardak 0,89 LT Ash
tlm_termos	TLM-924129749	Flip Straw Tumbler Pipetli Termos Bardak 0,89 LT Twilight
tlm_termos	TLM-924130046	The IceFlow Flip Straw 2.0 Pipetli Termos Bardak 1,06 LT / 36oz Mor 10-12111-068
tlm_termos	TLM-924130050	The IceFlow™ Bottle Flip Straw Termos 1.06L 10-12111-081
tlm_termos	TLM-924130056	The IceFlow™ Bottle Flip Straw 2.0 Pipetli Termos Bardak 1,06 LT / 36oz Kırmızı 10-12111-080
tlm_termos	TLM-924130057	The Quencher H2.O Flowstate™ Tumbler Pipetli Termos Bardak 0.59 Lt / 20Oz Krem 10-10826-304
tlm_termos	TLM-924130066	Go Quick Flip Water Bottle | 0.70L 24oz Toz Pembe 10-09149-169
tlm_termos	TLM-924130080	The IceFlow Bottle Flip Straw 2.0 0.7L / 24oz Dried Pine Termos
tlm_termos	TLM-924130082	The IceFlow™ Bottle Flip Straw 2.0 Pipetli Termos Bardak 1,06 LT / 36oz Pembe 10-12111-065
tlm_termos	TLM-924130085	The Quencher H2.O Flowstate™ Tumbler Pipetli Termos Bardak 0.59 Lt / 20Oz Siyah 10-10826-305
tlm_termos	TLM-924130087	The IceFlow™ Bottle Flip Straw 2.0 Pipetli Termos Bardak 1,06 LT/36oz Mavi 10-12111-079
tlm_termos	TLM-934053273	The Stay-Chill Classic Pitcher 1.9L Sürahi Termos 10-10341-066
tlm_termos	TLM-937300530	The IceFlow Flip Straw Jug Pipetli 1,90Lt Beyaz
tlm_termos	TLM-937846420	Klasik Sıcak Tutma Özellikli Fransız Pres Termos | 1.4L Krem
tlm_termos	TLM-938150436	Go Quick Flip Water Bottle 1.06L Termos Kupa Bardak Matara PUDRA
tlm_termos	TLM-939828616	Thr Quencher H2.O Flowstate™ Tumbler Pipetli Termos Bardak 0.59 Lt / 20Oz Pembe 10-10826-303
tlm_termos	TLM-940056351	The IceFlow Flip Straw 2.0 Jug Termos 1.90L 10-13085-039
tlm_termos	TLM-940056376	The IceFlow Flip Straw 2.0 Jug Termos 1.90L 10-13085-038
tlm_termos	TLM-945334832	The IceFlow™ Flip Straw 2.0 Jug 1.90L / 64oz Termos 10-13085-040
tlm_termos	TLM-948022782	The IceFlow™ Flip Straw 2.0 Tumbler 0.89L / 30Oz Haki 10-12043-077
tlm_termos	TLM-978674692	The Quencher H2.O Flowstate™ Tumbler Pipetli Termos Bardak 0.60 Lt / 20Oz Kırmızı 10-10826-
tlm_termos	TLM-978674693	The IceFlow™ Bottle Twist Flip 0.7L / 24oz Twilight Termos AS1011284078 Lacivert-0,70 LT
tlm_termos	TLM-978686686	The IceFlow™ Bottle Twist Flip 0.7L / 24oz Haki 10-11284-083
tlm_termos	TLM-978686690	The Café-To-Go Travel Mug .35L / 12oz Termos Bardak 10-12080-017
tlm_termos	TLM-978754074	The Legendary Classic Bottle Termos 0.75L / 25oz Ash 2.0 Gri 10-01612-068
tlm_termos	TLM-978754245	The Legendary Classic Bottle .75L / 25oz 10-01612-066
tlm_termos	TLM-988027121	The IceFlow Twist Flip Termos 0.71 LT Termos Kupa Kamp Matara SİYAH
